SET FOREIGN_KEY_CHECKS = 0;

DELETE FROM "LIVES_IN" CASCADE;
DELETE FROM "SURVEY_ANIMAL" CASCADE;
DELETE FROM "POP_SURVEY" CASCADE;
DELETE FROM "ANIMAL" CASCADE;
DELETE FROM "SPECIES" CASCADE;
DELETE FROM "HABITAT" CASCADE;
DELETE FROM "PHONE_NUMBERS" CASCADE;
DELETE FROM "ORGANIZATION" CASCADE;
DELETE FROM "POPULATION" CASCADE;
DELETE FROM "LOCATION" CASCADE;

INSERT INTO "ANIMAL" ("TRACKING_ID", "Age", "NAME", "Date_Tagged", "Sex") VALUES
('1', '21', 'Siberian Tiger', '2024-08-27 14:35:19', 'Male'),
('2', '90', 'Cheetah', '2024-06-25 06:28:03', 'Male'),
('3', '68', 'Llama', '2024-04-05 13:52:50', 'Female'),
('4', '11', 'Mountain Gorilla', '2024-11-19 15:03:35', 'Female'),
('5', '75', 'Polar Bear', '2024-09-24 19:14:15', 'Male'),
('6', '87', 'Giant Panda', '2024-08-11 05:46:23', 'Female'),
('7', '10', 'Galapagos Tortoise', '2024-07-05 03:30:42', 'Female'),
('8', '40', 'Dolphin', '2024-04-28 07:33:41', 'Female'),
('9', '18', 'Dolphin', '2024-08-22 07:53:43', 'Male'),
('10', '99', 'Peregrine Falcon', '2024-10-29 09:50:02', 'Male'),
('11', '3', 'Komodo Dragon', '2024-10-01 08:36:42', 'Female'),
('12', '73', 'Peregrine Falcon', '2024-05-19 20:54:40', 'Male'),
('13', '45', 'Red Panda', '2024-06-15 05:37:48', 'Female'),
('14', '14', 'Great White Shark', '2024-07-06 09:47:29', 'Female'),
('15', '82', 'Dolphin', '2024-06-25 07:30:10', 'Male'),
('16', '49', 'Cheetah', '2024-12-27 09:54:45', 'Male'),
('17', '56', 'Komodo Dragon', '2024-08-10 07:47:00', 'Male'),
('18', '85', 'Tasmanian Devil', '2024-03-26 23:49:57', 'Female'),
('19', '69', 'Giant Panda', '2025-01-01 05:44:18', 'Male'),
('20', '41', 'Macaw', '2024-11-18 23:18:15', 'Male'),
('21', '14', 'Llama', '2024-09-05 22:43:06', 'Male'),
('22', '38', 'African Elephant', '2024-06-02 22:03:08', 'Female'),
('23', '90', 'Polar Bear', '2024-05-06 12:32:48', 'Female'),
('24', '21', 'Snow Leopard', '2024-09-18 07:48:32', 'Male'),
('25', '1', 'Siberian Tiger', '2024-10-12 23:00:24', 'Male'),
('26', '54', 'Snow Leopard', '2025-01-11 13:56:19', 'Female'),
('27', '13', 'Macaw', '2024-10-31 16:26:10', 'Male'),
('28', '46', 'Galapagos Tortoise', '2024-04-13 01:48:08', 'Female'),
('29', '56', 'Wolverine', '2024-08-25 06:29:14', 'Male'),
('30', '54', 'Sea Otter', '2024-12-03 10:40:46', 'Female'),
('31', '90', 'Great White Shark', '2024-05-14 13:07:03', 'Male'),
('32', '9', 'Arctic Fox', '2024-06-19 08:15:42', 'Male'),
('33', '28', 'Bald Eagle', '2024-04-11 17:47:56', 'Female'),
('34', '6', 'Arctic Fox', '2024-03-29 13:47:28', 'Female'),
('35', '71', 'Macaw', '2024-04-27 10:56:56', 'Female'),
('36', '67', 'Llama', '2024-05-22 08:52:00', 'Male'),
('37', '35', 'Red Panda', '2024-10-02 20:13:27', 'Male'),
('38', '94', 'Cheetah', '2024-04-13 03:12:00', 'Female'),
('39', '20', 'Komodo Dragon', '2024-05-27 17:36:14', 'Male'),
('40', '9', 'African Elephant', '2024-08-24 05:19:45', 'Female'),
('41', '7', 'Red Panda', '2024-06-10 07:41:48', 'Female'),
('42', '89', 'Mountain Gorilla', '2025-01-08 10:23:49', 'Male'),
('43', '70', 'Arctic Fox', '2024-11-30 09:23:29', 'Female'),
('44', '11', 'Llama', '2024-04-02 01:43:08', 'Male'),
('45', '59', 'Wolverine', '2024-08-19 14:08:41', 'Male'),
('46', '9', 'Golden Retriever', '2025-02-03 12:02:10', 'Male'),
('47', '47', 'Polar Bear', '2024-11-16 03:47:19', 'Female'),
('48', '44', 'Siberian Tiger', '2025-02-03 20:46:38', 'Male'),
('49', '31', 'African Elephant', '2024-03-30 15:03:34', 'Male'),
('50', '99', 'Macaw', '2024-09-08 11:08:12', 'Male'),
('51', '72', 'Sea Otter', '2024-07-20 11:41:37', 'Male'),
('52', '84', 'Komodo Dragon', '2024-08-31 00:22:36', 'Male'),
('53', '21', 'Peregrine Falcon', '2025-01-11 03:45:31', 'Female'),
('54', '66', 'Arctic Fox', '2024-09-01 19:59:16', 'Male'),
('55', '20', 'Emperor Penguin', '2024-06-17 15:56:02', 'Male'),
('56', '8', 'Great White Shark', '2024-05-13 12:47:02', 'Female'),
('57', '43', 'Koala', '2024-09-19 02:40:07', 'Female'),
('58', '39', 'Golden Retriever', '2024-09-02 04:03:08', 'Male'),
('59', '2', 'Beluga Whale', '2025-02-04 12:23:56', 'Female'),
('60', '48', 'Peregrine Falcon', '2025-02-16 15:33:06', 'Female'),
('61', '36', 'Sea Otter', '2025-01-09 22:18:46', 'Female'),
('62', '82', 'Sea Otter', '2025-03-10 02:25:57', 'Male'),
('63', '45', 'African Elephant', '2024-06-24 17:22:11', 'Female'),
('64', '42', 'Koala', '2024-10-08 19:28:08', 'Male'),
('65', '35', 'Golden Retriever', '2025-01-06 11:41:27', 'Male'),
('66', '57', 'Giant Panda', '2024-09-13 07:18:33', 'Female'),
('67', '85', 'Red Panda', '2025-02-04 09:13:15', 'Male'),
('68', '87', 'Tasmanian Devil', '2024-07-08 23:20:09', 'Female'),
('69', '21', 'Dolphin', '2025-03-13 08:26:05', 'Female'),
('70', '29', 'Polar Bear', '2024-12-07 13:13:09', 'Male'),
('71', '84', 'Peregrine Falcon', '2025-01-29 18:39:34', 'Male'),
('72', '78', 'Koala', '2024-03-26 00:49:47', 'Male'),
('73', '11', 'Arctic Fox', '2024-07-16 17:15:28', 'Female'),
('74', '32', 'African Elephant', '2024-05-01 15:52:51', 'Male'),
('75', '15', 'Komodo Dragon', '2025-02-22 20:38:56', 'Male'),
('76', '4', 'Polar Bear', '2024-11-23 20:12:14', 'Female'),
('77', '72', 'Beluga Whale', '2024-07-17 20:41:02', 'Male'),
('78', '13', 'African Elephant', '2025-02-05 13:36:57', 'Female'),
('79', '47', 'Giant Panda', '2025-01-20 18:11:49', 'Female'),
('80', '3', 'Great White Shark', '2024-07-27 01:44:10', 'Male'),
('81', '55', 'Snow Leopard', '2024-09-09 01:03:17', 'Male'),
('82', '33', 'Arctic Fox', '2025-01-26 18:12:44', 'Male'),
('83', '34', 'Snow Leopard', '2025-01-13 12:38:22', 'Male'),
('84', '89', 'Cheetah', '2025-02-19 08:52:50', 'Male'),
('85', '53', 'Arctic Fox', '2024-06-18 12:43:03', 'Female'),
('86', '87', 'Komodo Dragon', '2024-05-24 20:12:35', 'Female'),
('87', '73', 'Polar Bear', '2025-02-10 23:02:15', 'Male'),
('88', '21', 'Dolphin', '2025-01-08 13:11:26', 'Male'),
('89', '21', 'Dolphin', '2024-04-23 19:17:41', 'Male'),
('90', '16', 'Sea Otter', '2025-01-18 07:19:12', 'Female'),
('91', '26', 'Sea Otter', '2024-05-28 17:07:57', 'Female'),
('92', '39', 'Llama', '2024-04-09 01:23:51', 'Male'),
('93', '5', 'Llama', '2024-12-07 16:54:32', 'Female'),
('94', '29', 'Cheetah', '2024-11-19 19:02:42', 'Male'),
('95', '15', 'Dolphin', '2024-04-21 08:06:53', 'Female'),
('96', '59', 'Red Panda', '2024-12-11 05:21:17', 'Female'),
('97', '86', 'Great White Shark', '2024-12-29 02:50:11', 'Male'),
('98', '91', 'Macaw', '2024-08-05 09:56:20', 'Male'),
('99', '16', 'Emperor Penguin', '2024-06-03 17:28:58', 'Female'),
('100', '76', 'Siberian Tiger', '2024-12-16 08:26:27', 'Male');


INSERT INTO "HABITAT" ("H_ID", "Name", "Climate") VALUES
('1', 'Siberian Tundra', 'Mediterranean'),
('2', 'Arctic Circle', 'Savanna'),
('3', 'Patagonian Steppe', 'Wetland'),
('4', 'Madagascar Rainforests', 'Chaparral'),
('5', 'Siberian Tundra', 'Tropical Rainforest'),
('6', 'Amazon Rainforest', 'Steppe'),
('7', 'Nile Delta', 'Savanna'),
('8', 'Sahara Desert', 'Boreal Forest'),
('9', 'Great Plains', 'Temperate Deciduous Forest'),
('10', 'Costa Rican Cloud Forest', 'Temperate Grassland'),
('11', 'Great Plains', 'Dry Forest'),
('12', 'Himalayan Foothills', 'Temperate Grassland'),
('13', 'Mediterranean Sea', 'Monsoon Forest'),
('14', 'Great Plains', 'Polar'),
('15', 'Arctic Circle', 'Mountain'),
('16', 'Australian Outback', 'Mountain'),
('17', 'Australian Outback', 'Monsoon Forest'),
('18', 'Great Plains', 'Temperate Grassland'),
('19', 'Himalayan Foothills', 'Wetland'),
('20', 'Madagascar Rainforests', 'Savanna'),
('21', 'Galapagos Islands', 'Temperate Rainforest'),
('22', 'Galapagos Islands', 'Temperate Grassland'),
('23', 'Alaskan Boreal Forest', 'Mangrove'),
('24', 'Madagascar Rainforests', 'Polar'),
('25', 'Congo Basin', 'Temperate Rainforest'),
('26', 'Congo Basin', 'Chaparral'),
('27', 'Everglades', 'Chaparral'),
('28', 'Nile Delta', 'Boreal Forest'),
('29', 'Congo Basin', 'Desert'),
('30', 'Andes Mountains', 'Mediterranean'),
('31', 'Himalayan Foothills', 'Savanna'),
('32', 'Nile Delta', 'Mediterranean'),
('33', 'Arctic Circle', 'Boreal Forest'),
('34', 'Alaskan Boreal Forest', 'Temperate Rainforest'),
('35', 'Yucatan Peninsula', 'Steppe'),
('36', 'Patagonian Steppe', 'Tundra'),
('37', 'Siberian Tundra', 'Polar'),
('38', 'Madagascar Rainforests', 'Monsoon Forest'),
('39', 'Mediterranean Sea', 'Monsoon Forest'),
('40', 'Mediterranean Sea', 'Temperate Rainforest'),
('41', 'Congo Basin', 'Subtropical Moist Forest'),
('42', 'Amazon Rainforest', 'Wetland'),
('43', 'Andes Mountains', 'Savanna'),
('44', 'Great Plains', 'Temperate Rainforest'),
('45', 'Madagascar Rainforests', 'Chaparral'),
('46', 'Galapagos Islands', 'Temperate Deciduous Forest'),
('47', 'Mediterranean Sea', 'Dry Forest'),
('48', 'Great Plains', 'Mountain'),
('49', 'Nile Delta', 'Wetland'),
('50', 'Amazon Rainforest', 'Tropical Rainforest'),
('51', 'Mediterranean Sea', 'Mediterranean'),
('52', 'Himalayan Foothills', 'Temperate Rainforest'),
('53', 'Costa Rican Cloud Forest', 'Temperate Grassland'),
('54', 'Serengeti Plains', 'Mangrove'),
('55', 'Great Plains', 'Chaparral'),
('56', 'Great Barrier Reef', 'Mountain'),
('57', 'Himalayan Foothills', 'Savanna'),
('58', 'Congo Basin', 'Temperate Grassland'),
('59', 'Nile Delta', 'Steppe'),
('60', 'Costa Rican Cloud Forest', 'Tropical Rainforest'),
('61', 'Congo Basin', 'Dry Forest'),
('62', 'Everglades', 'Mountain'),
('63', 'Serengeti Plains', 'Boreal Forest'),
('64', 'Nile Delta', 'Mangrove'),
('65', 'Andes Mountains', 'Polar'),
('66', 'Arctic Circle', 'Savanna'),
('67', 'Galapagos Islands', 'Dry Forest'),
('68', 'Sahara Desert', 'Temperate Grassland'),
('69', 'Patagonian Steppe', 'Desert'),
('70', 'Australian Outback', 'Polar'),
('71', 'Mediterranean Sea', 'Mangrove'),
('72', 'Nile Delta', 'Steppe'),
('73', 'Costa Rican Cloud Forest', 'Mangrove'),
('74', 'Australian Outback', 'Mediterranean'),
('75', 'Galapagos Islands', 'Mountain'),
('76', 'Siberian Tundra', 'Mangrove'),
('77', 'Serengeti Plains', 'Monsoon Forest'),
('78', 'Amazon Rainforest', 'Tundra'),
('79', 'Australian Outback', 'Boreal Forest'),
('80', 'Great Plains', 'Temperate Deciduous Forest'),
('81', 'Galapagos Islands', 'Temperate Rainforest'),
('82', 'Amazon Rainforest', 'Wetland'),
('83', 'Galapagos Islands', 'Desert'),
('84', 'Himalayan Foothills', 'Monsoon Forest'),
('85', 'Congo Basin', 'Desert'),
('86', 'Everglades', 'Dry Forest'),
('87', 'Amazon Rainforest', 'Temperate Rainforest'),
('88', 'Siberian Tundra', 'Boreal Forest'),
('89', 'Sahara Desert', 'Tropical Rainforest'),
('90', 'Costa Rican Cloud Forest', 'Chaparral'),
('91', 'Yucatan Peninsula', 'Wetland'),
('92', 'Mediterranean Sea', 'Temperate Grassland'),
('93', 'Amazon Rainforest', 'Mountain'),
('94', 'Sahara Desert', 'Tropical Rainforest'),
('95', 'Serengeti Plains', 'Monsoon Forest'),
('96', 'Himalayan Foothills', 'Polar'),
('97', 'Sahara Desert', 'Mangrove'),
('98', 'Everglades', 'Tropical Rainforest'),
('99', 'Himalayan Foothills', 'Temperate Deciduous Forest'),
('100', 'Madagascar Rainforests', 'Dry Forest');


INSERT INTO "LIVES_IN" ("H_ID", "S_ID") VALUES
('73', '65'),
('9', '11'),
('77', '80'),
('35', '19'),
('98', '52'),
('93', '78'),
('56', '16'),
('47', '89'),
('58', '47'),
('44', '50'),
('90', '12'),
('40', '62'),
('82', '32'),
('64', '60'),
('33', '21'),
('70', '24'),
('68', '13'),
('30', '9'),
('29', '70'),
('32', '42'),
('19', '76'),
('57', '86'),
('13', '59'),
('53', '91'),
('6', '23'),
('1', '73'),
('69', '27'),
('86', '97'),
('3', '1'),
('11', '15'),
('80', '83'),
('23', '49'),
('39', '90'),
('17', '40'),
('8', '26'),
('38', '51'),
('72', '8'),
('92', '98'),
('63', '31'),
('91', '56'),
('60', '34'),
('50', '14'),
('21', '69'),
('25', '29'),
('83', '48'),
('59', '74'),
('88', '46'),
('54', '38'),
('46', '5'),
('81', '53'),
('49', '3'),
('22', '22'),
('48', '75'),
('26', '17'),
('10', '35'),
('55', '6'),
('85', '63'),
('97', '30'),
('74', '58'),
('78', '4'),
('61', '18'),
('16', '45'),
('100', '66'),
('43', '39'),
('66', '88'),
('18', '33'),
('2', '2'),
('87', '36'),
('14', '94'),
('65', '41'),
('41', '93'),
('31', '95'),
('95', '25'),
('36', '77'),
('94', '100'),
('7', '7'),
('15', '99'),
('96', '84'),
('62', '55'),
('28', '87'),
('84', '72'),
('71', '61'),
('5', '92'),
('99', '37'),
('75', '68'),
('51', '54'),
('27', '43'),
('52', '28'),
('42', '81'),
('34', '44'),
('12', '20'),
('4', '67'),
('67', '82'),
('24', '10'),
('76', '79'),
('45', '85'),
('89', '96'),
('79', '71'),
('37', '57'),
('20', '64');


INSERT INTO "LOCATION" ("CODE", "Region", "Full_Name") VALUES
('1', 'Caribbean', 'Madison Square Garden'),
('2', 'North America', 'Central Park'),
('3', 'Europe', 'Empire State Building'),
('4', 'Australia', 'Rockefeller Center'),
('5', 'Central America', 'Solomon R. Guggenheim Museum'),
('6', 'Caribbean', 'Brooklyn Botanic Garden'),
('7', 'Africa', 'Broadway Theatre District'),
('8', 'Asia', 'Lincoln Center for the Performing Arts'),
('9', 'Antarctica', 'The High Line'),
('10', 'Caribbean', 'Empire State Building'),
('11', 'Australia', 'Wall Street'),
('12', 'Europe', 'Solomon R. Guggenheim Museum'),
('13', 'Antarctica', 'St. Patrick''s Cathedral'),
('14', 'Eastern Europe', 'Rockefeller Center'),
('15', 'Africa', 'Central Park'),
('16', 'Europe', 'St. Patrick''s Cathedral'),
('17', 'Middle East', 'Central Park Zoo'),
('18', 'South America', 'Museum of Modern Art'),
('19', 'Caribbean', 'New York Public Library'),
('20', 'Southeast Asia', 'Statue of Liberty National Monument'),
('21', 'North America', 'St. Patrick''s Cathedral'),
('22', 'Southeast Asia', 'Wall Street'),
('23', 'Middle East', 'Rockefeller Center'),
('24', 'Africa', 'The High Line'),
('25', 'Eastern Europe', 'Empire State Building'),
('26', 'Southeast Asia', 'Solomon R. Guggenheim Museum'),
('27', 'Australia', 'Metropolitan Museum of Art'),
('28', 'South America', 'Lincoln Center for the Performing Arts'),
('29', 'North America', 'The High Line'),
('30', 'South America', 'Brooklyn Botanic Garden'),
('31', 'Middle East', 'Chelsea Market'),
('32', 'Eastern Europe', 'Statue of Liberty National Monument'),
('33', 'Europe', 'Central Park Zoo'),
('34', 'Africa', 'American Museum of Natural History'),
('35', 'Caribbean', 'Madison Square Garden'),
('36', 'Antarctica', 'St. Patrick''s Cathedral'),
('37', 'Central America', 'Museum of Modern Art'),
('38', 'South America', 'Chelsea Market'),
('39', 'Middle East', 'Statue of Liberty National Monument'),
('40', 'Eastern Europe', 'Brooklyn Botanic Garden'),
('41', 'Caribbean', 'Times Square'),
('42', 'North America', 'American Museum of Natural History'),
('43', 'South America', 'Metropolitan Museum of Art'),
('44', 'Middle East', 'Brooklyn Botanic Garden'),
('45', 'Southeast Asia', 'Statue of Liberty National Monument'),
('46', 'Antarctica', 'Lincoln Center for the Performing Arts'),
('47', 'Australia', 'American Museum of Natural History'),
('48', 'South America', 'Times Square'),
('49', 'Asia', 'Solomon R. Guggenheim Museum'),
('50', 'Australia', 'The High Line'),
('51', 'Europe', 'Madison Square Garden'),
('52', 'Southeast Asia', 'Fifth Avenue Shopping District'),
('53', 'Southeast Asia', 'Brooklyn Botanic Garden'),
('54', 'South America', 'Chelsea Market'),
('55', 'Antarctica', 'Metropolitan Museum of Art'),
('56', 'Australia', 'Wall Street'),
('57', 'Africa', 'Statue of Liberty National Monument'),
('58', 'Caribbean', 'Statue of Liberty National Monument'),
('59', 'Eastern Europe', 'Madison Square Garden'),
('60', 'Caribbean', 'Central Park Zoo'),
('61', 'Central America', 'Solomon R. Guggenheim Museum'),
('62', 'Caribbean', 'Times Square'),
('63', 'Southeast Asia', 'Wall Street'),
('64', 'Central America', 'Statue of Liberty National Monument'),
('65', 'South America', 'Empire State Building'),
('66', 'South America', 'Madison Square Garden'),
('67', 'Antarctica', 'Statue of Liberty National Monument'),
('68', 'Caribbean', 'Broadway Theatre District'),
('69', 'Eastern Europe', 'Museum of Modern Art'),
('70', 'Europe', 'Rockefeller Center'),
('71', 'Africa', 'Empire State Building'),
('72', 'Australia', 'Broadway Theatre District'),
('73', 'South America', 'The High Line'),
('74', 'Southeast Asia', 'Brooklyn Botanic Garden'),
('75', 'Europe', 'Chelsea Market'),
('76', 'South America', 'St. Patrick''s Cathedral'),
('77', 'Antarctica', 'Brooklyn Botanic Garden'),
('78', 'Caribbean', 'Central Park'),
('79', 'South America', 'Metropolitan Museum of Art'),
('80', 'Asia', 'St. Patrick''s Cathedral'),
('81', 'Southeast Asia', 'American Museum of Natural History'),
('82', 'Southeast Asia', 'Broadway Theatre District'),
('83', 'Middle East', 'Empire State Building'),
('84', 'Europe', 'Chelsea Market'),
('85', 'Asia', 'Statue of Liberty National Monument'),
('86', 'Middle East', 'The High Line'),
('87', 'Australia', 'Brooklyn Botanic Garden'),
('88', 'Central America', 'New York Public Library'),
('89', 'Middle East', 'Solomon R. Guggenheim Museum'),
('90', 'Asia', 'Chelsea Market'),
('91', 'Antarctica', 'New York Public Library'),
('92', 'Europe', 'Central Park Zoo'),
('93', 'Europe', 'New York Public Library'),
('94', 'Middle East', 'Fifth Avenue Shopping District'),
('95', 'Australia', 'New York Public Library'),
('96', 'Asia', 'Rockefeller Center'),
('97', 'Europe', 'Brooklyn Botanic Garden'),
('98', 'Central America', 'Rockefeller Center'),
('99', 'Central America', 'Central Park Zoo'),
('100', 'South America', 'Metropolitan Museum of Art');


INSERT INTO "ORGANIZATION" ("O_ID", "Org_Name", "Size", "Web_Domain") VALUES
('1', 'Innovative Media Group', '820', 'gladstonecompanies.com'),
('2', 'Urban Developers Inc.', '773', 'tillcapital.com'),
('3', 'Summit Retail Solutions', '522', 'cerner.com'),
('4', 'Phoenix Software Solutions', '204', 'tsys.com'),
('5', 'Terra Nova Construction Inc.', '426', 'lightbridge.com'),
('6', 'Silverline Transport Ltd.', '865', 'ascendispharma.com'),
('7', 'Guardian Security Services', '494', 'philips.com'),
('8', 'Horizons Travel Agency', '943', 'chipmos.com'),
('9', 'Horizons Travel Agency', '789', 'valhi.net'),
('10', 'Crescent Educational Foundation', '883', 'driveshack.com'),
('11', 'Oceanic Maritime Corp.', '861', 'citizensholdingcompany.com'),
('12', 'Crescent Educational Foundation', '682', 'fiserv.com'),
('13', 'Sunrise Hospitality Group', '466', 'gaia.com'),
('14', 'Maple Leaf Industries', '65', 'containerstore.com'),
('15', 'Horizons Travel Agency', '488', 'coffeeholding.com'),
('16', 'Urban Developers Inc.', '7', 'spdr.com'),
('17', 'Oceanic Maritime Corp.', '176', 'vaneck.com'),
('18', 'Harvest Fresh Foods Inc.', '342', 'cathaybank.com'),
('19', 'Silverline Transport Ltd.', '959', 'childrensplace.com'),
('20', 'Northern Lights Real Estate', '813', 'teradata.com'),
('21', 'Summit Retail Solutions', '897', 'frostbank.com'),
('22', 'Green Energy Enterprises', '949', 'porterbancorp.com'),
('23', 'Terra Nova Construction Inc.', '517', 'zumiez.com'),
('24', 'Nexus Marketing Innovations', '26', 'tronox.com'),
('25', 'Innovative Media Group', '869', 'inovalon.com'),
('26', 'Nexus Marketing Innovations', '703', 'rcmtechnologies.com'),
('27', 'Northern Lights Real Estate', '221', 'nivalistx.com'),
('28', 'Guardian Security Services', '609', 'crisprtx.com'),
('29', 'Harmony Wellness Center', '798', 'capitalone.com'),
('30', 'Evergreen Landscaping Services', '491', 'firsttrustportfolios.com'),
('31', 'Maple Leaf Industries', '225', 'sjco.com'),
('32', 'Midwest Agricultural Co.', '12', 'verisk.com'),
('33', 'Global Tech Solutions', '914', 'capitalone.com'),
('34', 'Midwest Agricultural Co.', '993', 'pimco.com'),
('35', 'Northern Lights Real Estate', '898', 'kkr.com'),
('36', 'Summit Retail Solutions', '297', 'strattec.com'),
('37', 'Sunrise Hospitality Group', '461', 'hecla-mining.com'),
('38', 'Urban Developers Inc.', '775', 'zionsbancorporation.com'),
('39', 'Oceanic Maritime Corp.', '840', 'publicstorage.com'),
('40', 'Green Energy Enterprises', '205', 'kopin.com'),
('41', 'Sunrise Hospitality Group', '898', 'nuveen.com'),
('42', 'Phoenix Software Solutions', '408', 'ishares.com'),
('43', 'Midwest Agricultural Co.', '818', 'spire.com'),
('44', 'Summit Retail Solutions', '819', 'customersbank.com'),
('45', 'Harmony Wellness Center', '57', 'firsttrust.com'),
('46', 'Elite Consulting Partners', '464', 'sunoco.com'),
('47', 'Terra Nova Construction Inc.', '562', 'halyardhealth.com'),
('48', 'Innovative Media Group', '246', 'alarm.com'),
('49', 'Green Energy Enterprises', '636', 'iret.com'),
('50', 'Northern Lights Real Estate', '348', 'firstsouth.com'),
('51', 'Evergreen Landscaping Services', '870', 'allianceone.com'),
('52', 'Oceanic Maritime Corp.', '113', 'dhxmedia.com'),
('53', 'Crescent Educational Foundation', '163', 'franklinfinancialnetwork.com'),
('54', 'Midwest Agricultural Co.', '878', 'invesco.com'),
('55', 'Pinnacle Health Systems', '307', 'polaris.com'),
('56', 'Maple Leaf Industries', '771', 'virtusa.com'),
('57', 'Blue Sky Logistics', '937', 'biospecifics.com'),
('58', 'Elite Consulting Partners', '856', 'rbs.com'),
('59', 'Apex Financial Services', '43', 'delcath.com'),
('60', 'Crescent Educational Foundation', '848', 'ohrpharmaceuticals.com'),
('61', 'Evergreen Landscaping Services', '205', 'digirad.com'),
('62', 'Evergreen Landscaping Services', '335', 'mississippipower.com'),
('63', 'Green Energy Enterprises', '920', 'dicerna.com'),
('64', 'Blue Sky Logistics', '409', 'fsbbancorp.com'),
('65', 'Elite Consulting Partners', '689', 'dixiegroup.com'),
('66', 'Silverline Transport Ltd.', '642', 'westernassetmortgagecapital.com'),
('67', 'Sunrise Hospitality Group', '121', 'protolabs.com'),
('68', 'Harvest Fresh Foods Inc.', '824', 'driveshack.com'),
('69', 'Horizons Travel Agency', '429', 'lumosnetworks.com'),
('70', 'Terra Nova Construction Inc.', '191', 'karyopharm.com'),
('71', 'Crescent Educational Foundation', '32', 'ishares.com'),
('72', 'Blue Sky Logistics', '247', 'buildabear.com'),
('73', 'Midwest Agricultural Co.', '265', 'gabelli.com'),
('74', 'Green Energy Enterprises', '68', 'smartgh.com'),
('75', 'Oceanic Maritime Corp.', '985', 'civb.com'),
('76', 'Terra Nova Construction Inc.', '381', 'manh.com'),
('77', 'Apex Financial Services', '10', 'airproducts.com'),
('78', 'Green Energy Enterprises', '337', 'motagroup.com'),
('79', 'Silverline Transport Ltd.', '33', 'valueline.com'),
('80', 'Maple Leaf Industries', '371', 'nucor.com'),
('81', 'Nexus Marketing Innovations', '890', 'ddr.com'),
('82', 'Midwest Agricultural Co.', '776', 'alcobra.com'),
('83', 'Nexus Marketing Innovations', '340', 'mindcti.com'),
('84', 'Urban Developers Inc.', '544', 'rewalk.com'),
('85', 'Midwest Agricultural Co.', '95', 'sparkenergy.com'),
('86', 'Oceanic Maritime Corp.', '733', 'peoples.com'),
('87', 'Terra Nova Construction Inc.', '645', 'securitynational.com'),
('88', 'Horizons Travel Agency', '786', 'wayfair.com'),
('89', 'Horizons Travel Agency', '350', 'mfs.com'),
('90', 'Evergreen Landscaping Services', '401', 'miragen.com'),
('91', 'Evergreen Landscaping Services', '508', 'mesabitrust.org'),
('92', 'Summit Retail Solutions', '649', 'concordiainternational.com'),
('93', 'Summit Retail Solutions', '477', 'safebulkers.com'),
('94', 'Urban Developers Inc.', '839', 'dws.com'),
('95', 'Horizons Travel Agency', '528', 'tworiverbancorp.com'),
('96', 'Sunrise Hospitality Group', '914', 'cabcoseries2004-101trust.com'),
('97', 'Maple Leaf Industries', '729', 'wisdomtree.com'),
('98', 'Northern Lights Real Estate', '151', 'gener8maritime.com'),
('99', 'Pinnacle Health Systems', '366', 'rxipharma.com'),
('100', 'Innovative Media Group', '806', 'axaracquisition.com');


INSERT INTO "PHONE_NUMBERS" ("Phone_Number", "O_ID") VALUES
('(907) 797-', '90'),
('(907) 390-', '92'),
('(907) 797-', '91'),
('(907) 013-', '95'),
('(907) 871-', '24'),
('(907) 126-', '81'),
('(907) 490-', '77'),
('(907) 004-', '22'),
('(256) 876-', '21'),
('(205) 246-', '65'),
('(205) 134-', '35'),
('(205) 315-', '78'),
('(205) 310-', '7'),
('(205) 540-', '85'),
('(205) 235-', '1'),
('(205) 805-', '67'),
('(205) 057-', '62'),
('(205) 521-', '60'),
('(205) 602-', '56'),
('(205) 035-', '69'),
('(205) 865-', '39'),
('(205) 971-', '33'),
('(205) 091-', '29'),
('(205) 626-', '76'),
('(256) 453-', '36'),
('(256) 275-', '87'),
('(256) 393-', '89'),
('(256) 319-', '79'),
('(256) 619-', '9'),
('(251) 601-', '57'),
('(251) 565-', '44'),
('(251) 855-', '38'),
('(251) 740-', '42'),
('(251) 764-', '80'),
('(251) 161-', '12'),
('(251) 382-', '88'),
('(251) 407-', '18'),
('(334) 079-', '25'),
('(334) 668-', '100'),
('(334) 468-', '31'),
('(334) 038-', '97'),
('(334) 394-', '16'),
('(334) 470-', '49'),
('(334) 187-', '50'),
('(334) 119-', '58'),
('(205) 289-', '17'),
('(205) 975-', '48'),
('(479) 797-', '82'),
('(479) 267-', '74'),
('(501) 546-', '73'),
('(501) 071-', '13'),
('(501) 287-', '99'),
('(501) 331-', '26'),
('(501) 972-', '70'),
('(501) 238-', '3'),
('(501) 651-', '37'),
('(501) 775-', '43'),
('(480) 537-', '27'),
('(480) 783-', '8'),
('(602) 626-', '2'),
('(602) 064-', '75'),
('(602) 653-', '71'),
('(480) 358-', '83'),
('(480) 707-', '64'),
('(602) 810-', '94'),
('(928) 525-', '5'),
('(602) 929-', '40'),
('(602) 409-', '54'),
('(480) 862-', '32'),
('(480) 053-', '46'),
('(602) 997-', '41'),
('(602) 558-', '15'),
('(602) 036-', '30'),
('(602) 068-', '84'),
('(602) 391-', '19'),
('(602) 527-', '10'),
('(602) 676-', '55'),
('(602) 461-', '52'),
('(602) 588-', '45'),
('(602) 505-', '72'),
('(602) 813-', '61'),
('(602) 665-', '51'),
('(520) 858-', '68'),
('(480) 305-', '28'),
('(602) 456-', '47'),
('(480) 772-', '53'),
('(480) 507-', '86'),
('(520) 935-', '6'),
('(520) 617-', '59'),
('(520) 750-', '4'),
('(520) 068-', '66'),
('(520) 108-', '20'),
('(520) 212-', '96'),
('(520) 430-', '98'),
('(520) 961-', '11'),
('(520) 737-', '34'),
('(520) 157-', '23'),
('(626) 295-', '14'),
('(949) 761-', '63'),
('(714) 578-', '93');


INSERT INTO "POP_SURVEY" ("P_ID", "Date", "Size", "O_ID") VALUES
('2', '2024-03-17 15:24:50', '623', '24'),
('64', '2024-03-17 15:28:20', '248', '51'),
('48', '2024-03-17 15:31:04', '14', '1'),
('85', '2024-03-17 15:40:47', '657', '11'),
('16', '2024-03-17 15:49:45', '923', '46'),
('76', '2024-03-17 15:51:31', '958', '44'),
('38', '2024-03-17 15:54:32', '210', '22'),
('59', '2024-03-17 15:56:43', '212', '76'),
('44', '2024-03-17 16:01:11', '256', '33'),
('50', '2024-03-17 16:03:32', '143', '47'),
('78', '2024-03-17 16:08:37', '575', '79'),
('88', '2024-03-17 16:12:16', '389', '55'),
('69', '2024-03-17 16:22:15', '545', '86'),
('55', '2024-03-17 16:30:09', '167', '21'),
('57', '2024-03-17 16:38:41', '552', '97'),
('100', '2024-03-17 16:42:05', '483', '12'),
('66', '2024-03-17 16:43:07', '37', '58'),
('19', '2024-03-17 16:46:58', '352', '14'),
('70', '2024-03-17 16:49:52', '722', '59'),
('98', '2024-03-17 16:59:31', '966', '65'),
('68', '2024-03-17 17:08:40', '872', '63'),
('91', '2024-03-17 17:10:55', '929', '81'),
('9', '2024-03-17 17:15:55', '575', '69'),
('79', '2024-03-17 17:22:24', '20', '53'),
('12', '2024-03-17 17:30:14', '314', '23'),
('56', '2024-03-17 17:33:00', '500', '25'),
('94', '2024-03-17 17:36:11', '332', '98'),
('4', '2024-03-17 17:43:05', '561', '100'),
('7', '2024-03-17 17:50:46', '49', '9'),
('27', '2024-03-17 18:00:15', '662', '38'),
('60', '2024-03-17 18:02:16', '217', '39'),
('84', '2024-03-17 18:04:10', '591', '17'),
('10', '2024-03-17 18:09:26', '51', '91'),
('23', '2024-03-17 18:12:37', '960', '67'),
('52', '2024-03-17 18:19:13', '602', '74'),
('96', '2024-03-17 18:25:50', '756', '94'),
('45', '2024-03-17 18:27:03', '89', '49'),
('74', '2024-03-17 18:33:06', '73', '50'),
('25', '2024-03-17 18:36:07', '425', '78'),
('42', '2024-03-17 18:45:54', '3', '40'),
('37', '2024-03-17 18:55:40', '457', '60'),
('1', '2024-03-17 18:58:08', '302', '70'),
('40', '2024-03-17 19:03:01', '682', '37'),
('89', '2024-03-17 19:10:07', '286', '34'),
('28', '2024-03-17 19:16:06', '838', '87'),
('22', '2024-03-17 19:19:38', '116', '5'),
('99', '2024-03-17 19:25:23', '82', '35'),
('8', '2024-03-17 19:34:41', '212', '36'),
('26', '2024-03-17 19:44:35', '366', '13'),
('21', '2024-03-17 19:47:31', '926', '10'),
('71', '2024-03-17 19:51:51', '285', '62'),
('61', '2024-03-17 19:53:04', '990', '99'),
('65', '2024-03-17 20:03:01', '86', '6'),
('32', '2024-03-17 20:05:44', '54', '41'),
('33', '2024-03-17 20:11:39', '320', '85'),
('20', '2024-03-17 20:17:39', '962', '88'),
('75', '2024-03-17 20:20:18', '515', '26'),
('83', '2024-03-17 20:28:53', '894', '42'),
('17', '2024-03-17 20:32:56', '759', '84'),
('30', '2024-03-17 20:39:37', '276', '92'),
('97', '2024-03-17 20:41:48', '334', '30'),
('77', '2024-03-17 20:50:37', '349', '73'),
('13', '2024-03-17 20:53:22', '4', '8'),
('35', '2024-03-17 21:03:09', '87', '77'),
('90', '2024-03-17 21:08:52', '183', '31'),
('62', '2024-03-17 21:10:23', '323', '57'),
('81', '2024-03-17 21:12:02', '887', '48'),
('82', '2024-03-17 21:13:59', '308', '45'),
('29', '2024-03-17 21:21:34', '944', '89'),
('11', '2024-03-17 21:27:53', '949', '16'),
('15', '2024-03-17 21:33:48', '390', '80'),
('36', '2024-03-17 21:37:03', '415', '71'),
('63', '2024-03-17 21:46:48', '140', '54'),
('53', '2024-03-17 21:54:51', '703', '19'),
('39', '2024-03-17 22:00:54', '678', '56'),
('41', '2024-03-17 22:02:24', '9', '7'),
('95', '2024-03-17 22:04:20', '686', '2'),
('92', '2024-03-17 22:09:37', '244', '61'),
('34', '2024-03-17 22:15:35', '560', '28'),
('6', '2024-03-17 22:17:43', '22', '82'),
('46', '2024-03-17 22:25:52', '378', '29'),
('86', '2024-03-17 22:27:14', '191', '4'),
('5', '2024-03-17 22:29:28', '497', '93'),
('67', '2024-03-17 22:30:43', '929', '75'),
('73', '2024-03-17 22:39:44', '648', '64'),
('18', '2024-03-17 22:47:48', '9', '43'),
('24', '2024-03-17 22:54:44', '622', '18'),
('31', '2024-03-17 23:01:19', '234', '52'),
('3', '2024-03-17 23:09:30', '225', '3'),
('80', '2024-03-17 23:18:45', '228', '68'),
('14', '2024-03-17 23:26:13', '59', '66'),
('47', '2024-03-17 23:29:13', '467', '20'),
('72', '2024-03-17 23:35:02', '123', '90'),
('49', '2024-03-17 23:44:24', '655', '83'),
('87', '2024-03-17 23:50:12', '681', '32'),
('54', '2024-03-17 23:52:40', '581', '27'),
('51', '2024-03-17 23:59:36', '839', '15'),
('93', '2024-03-18 00:07:24', '861', '95'),
('58', '2024-03-18 00:13:47', '901', '96'),
('43', '2024-03-18 00:23:06', '611', '72');


INSERT INTO "POPULATION" ("P_ID", "Migration_Pattern", "Pop_Name", "L_CODE") VALUES
('1', 'Quem ad modum sit affectus, eum.', 'Oceania', '37'),
('2', 'Instructus semper est in quo etiam Democritus haeret, turbulenta concursio hunc mundi ornatum efficere non poterit. Ne illud quidem physici, credere aliquid esse minimum, quod profecto numquam putavisset, si a Polyaeno, familiari suo, geometrica discere ma', 'Africa', '41'),
('3', 'His litteris arbitramur, in quibus, quantum potuimus, non modo singulos homines, sed universas familias evertunt, totam etiam labefactant saepe rem publicam. Ex cupiditatibus odia, discidia, discordiae, seditiones, bella nascuntur, nec eae se foris solum i', 'North Asia', '80'),
('4', 'Angore, cum et mortem contemnit, qua qui affecti sunt in eadem causa sunt, qua ante quam nati, et ad usus civium non inutile, nosque ea scripta reliquaque eiusdem generis et legimus libenter et legemus --, haec.', 'Northern Europe', '2'),
('5', 'Posset. Conclusum est enim in vita tantopere quaerendum.', 'South America', '25'),
('6', 'Ipse loquerer, tum Triarius leniter arridens: Tu.', 'Europe', '73'),
('7', 'Te, sicut nostrum Triarium, minus ab eo et gravissimas res consilio ipsius et ratione administrari neque maiorem voluptatem.', 'Africa', '32'),
('8', 'Quia certa esse non possunt et, si essent vera, nihil afferrent, quo.', 'Central America', '93'),
('9', 'Parum videtur eruditus, ea causa est, quod nullam eruditionem esse duxit, nisi quae beatae vitae.', 'Southern Europe', '38'),
('10', 'Videtur eruditus, ea causa est, quod huc possit, quod conetur, nec optinere, si effecerit, et opes vel fortunae vel ingenii.', 'Asia', '56'),
('11', 'Augeri amplificarique non possit. At etiam Athenis, ut e patre audiebam facete et urbane Stoicos irridente, statua est in quo admirer, cur in gravissimis rebus non delectet eos sermo patrius, cum idem fabellas Latinas ad verbum e Graecis expressas non invi', 'Western Europe', '63'),
('12', 'Falsarum opinionum temeritate derepta certissimam se nobis ducem praebeat ad voluptatem. Sapientia enim est a Cyrenaicisque melius liberiusque.', 'Western Asia', '31'),
('13', 'Dicenda sunt. Praeclare enim Epicurus his paene verbis: ''Eadem'', inquit, ''scientia confirmavit animum, ne quod aut sempiternum aut diuturnum timeret malum, quae.', 'Western Europe', '52'),
('14', 'Statuat industriae? Nam ut Terentianus Chremes non inhumanus, qui novum vicinum non vult ''fodere aut arare aut aliquid ferre denique'' -- non enim illum ab industria, sed ab inliberali labore deterret --, sic isti curiosi, quos offendit noster minime nobis ', 'Sub-Saharan Africa', '59'),
('15', 'Contra Cyrenaicos satis acute, nihil ad Epicurum. Nam si dicent ab illis has res.', 'South America', '81'),
('16', 'Gaudere ut summo bono, dolorem aspernari ut summum malum et, quantum possit, a se repellere, idque facere nondum depravatum ipsa natura divitias, quibus contenta sit, et parabilis et.', 'Eastern Europe', '50'),
('17', 'Sine cura metuque vivamus animumque et corpus, quantum efficere possimus, molestia liberemus. Ut enim virtutes, de quibus et ab Epicuro scriptum est et ad.', 'Caribbean', '57'),
('18', 'Minus ab eo et gravissimas res consilio ipsius et ratione administrari neque maiorem voluptatem ex hoc facillime perspici potest: Constituamus aliquem magnis, multis, perpetuis.', 'Sub-Saharan Africa', '13'),
('19', 'Iste natus error sit voluptatem accusantium doloremque laudantium, totam rem aperiam eaque ipsa, quae laudatur, industria, ne fortitudo quidem, sed ista sequimur, ut sine cura metuque vivamus animumque et corpus, quantum efficere possimus, molestia liberem', 'Western Europe', '20'),
('20', 'Fruenda etiam sapientia est; sive hoc difficile est, tamen nec modus est ullus investigandi veri, nisi inveneris, et quaerendi defatigatio turpis est, cum esset accusata et vituperata.', 'Northern Africa', '39'),
('21', '-- et illum motum naturalem omnium ponderum, ut ipse constituit, e regione inferiorem locum petentium.', 'North Asia', '43'),
('22', 'Videmus errore et inscientia, sapientiamque esse solam, quae nos exhorrescere.', 'Asia', '26'),
('23', 'Nec libidinum nec epularum nec reliquarum cupiditatum, quas.', 'Central Asia', '98'),
('24', 'Sunt vituperandae, maledicta, contumeliae, tum iracundiae, contentiones concertationesque.', 'Africa', '48'),
('25', 'Causa importari putant. Quae autem tanta ex improbis factis ad minuendas vitae molestias accessio potest fieri, quanta ad augendas, cum conscientia factorum, tum poena legum odioque civium? Et tamen in quibusdam neque pecuniae modus est neque.', 'Southeast Asia', '90'),
('26', 'Civium? Et tamen in quibusdam neque pecuniae modus est ullus investigandi veri.', 'Central Asia', '100'),
('27', 'Error omnis imperitorum intellegaturque ea, quae corrigere vult, mihi quidem videtur. Ac fieri potest, ut non dicas, quid non probes eius, a.', 'Western Europe', '84'),
('28', 'Atque discordant, ex quo vitam amarissimam necesse est effici, ut sapiens solum amputata circumcisaque inanitate omni et errore naturae finibus contentus sine aegritudine possit et sine metu degendae praesidia firmissima. -- Filium morte multavit. -- Si si', 'South Asia', '24'),
('29', 'Hoc scribendi, etsi sit elegans, personae tamen et dignitatis esse negent. Contra quos omnis dicendum breviter existimo. Quamquam philosophiae quidem vituperatoribus satis responsum est eo libro.', 'Eastern Europe', '33'),
('30', 'Quid eventurum sit provident ob eamque debilitatem animi multi parentes, multi amicos, non nulli patriam.', 'Central Asia', '71'),
('31', 'An de una voluptate quaeri, de qua omne certamen est? Tuo vero.', 'Northern Europe', '28'),
('32', 'Minuendas vitae molestias accessio potest fieri, quanta ad augendas, cum conscientia factorum, tum poena legum odioque civium? Et.', 'Southern Europe', '75'),
('33', 'Quodsi corporis gravioribus morbis vitae iucunditas impeditur, quanto magis animi.', 'Southern Europe', '11'),
('34', 'Ut alterum esse appetendum, alterum aspernandum sentiamus. Alii autem, quibus ego assentior, cum a philosophis compluribus permulta dicantur, cur nec voluptas in bonis sit numeranda nec.', 'Caribbean', '23'),
('35', 'Itaque earum rerum hic tenetur a sapiente delectus, ut aut reiciendis voluptatibus maiores alias consequatur aut perferendis doloribus asperiores repellat.', 'Northern Africa', '68'),
('36', 'Indignius. Ad maiora enim quaedam nos natura genuit et conformavit, ut mihi quidem nulli.', 'Central America', '79'),
('37', 'Ignem, nivem esse albam, dulce mel. Quorum nihil oportere exquisitis rationibus confirmare, tantum satis esse admonere. Interesse enim inter argumentum conclusionemque rationis et inter mediocrem animadversionem atque admonitionem. Altera occulta quaedam e', 'South America', '88'),
('38', 'Legum odioque civium? Et tamen in quibusdam neque pecuniae modus est neque honoris neque imperii nec libidinum nec epularum nec reliquarum cupiditatum, quas nulla praeda umquam improbe parta minuit, sed potius inflammat, ut coercendi magis quam dedocendi e', 'Western Asia', '17'),
('39', 'Quam nati, et ad usus civium non inutile, nosque ea scripta reliquaque eiusdem generis et legimus libenter et legemus --, haec, quae vitam omnem continent, neglegentur? Nam, ut sint illa vendibiliora, haec uberiora certe sunt. Quamquam id quidem licebit ii', 'Oceania', '19'),
('40', 'Non asperner, si non habeat, non admodum flagitem. Re mihi non aeque satisfacit, et quidem locis pluribus. Sed quot homines, tot.', 'Africa', '92'),
('41', 'At id ne ferae quidem faciunt, ut ita dicam, et ad eos cum suavitate afflueret et illaberetur, nec manus esse.', 'Northern Europe', '35'),
('42', 'Eorum utrumvis, si aeque diu sit in corpore. Non placet autem detracta voluptate aegritudinem statim consequi, nisi in voluptatis locum dolor forte successerit, at contra gaudere nosmet omittendis.', 'Oceania', '83'),
('43', 'Consentinis et Siculis scribere. Facete is quidem, sicut alia; sed neque tam docti tum erant, ad quorum iudicium elaboraret, et.', 'Central America', '22'),
('44', 'Epicurus? Qui unum genus posuit earum cupiditatum, quae essent et naturales et.', 'East Asia', '96'),
('45', 'Voluptatem susciperet, eosdem suscipiet propter amici voluptatem. Quaeque de virtutibus dicta.', 'East Asia', '40'),
('46', 'Aegritudo sequatur, si illa mala sint, laetitia, si bona. O praeclaram.', 'Pacific Islands', '67'),
('47', 'Diesque exeduntur, a diis inmortalibus supplicii causa importari putant. Quae autem de.', 'East Asia', '61'),
('48', 'Huius disciplinae placet: constituam, quid et quale sit id, de quo Lucilius: ''ferreum scriptorem'', verum, opinor, scriptorem tamen, ut legendus sit. Rudem enim esse.', 'Antarctica', '91'),
('49', 'Scripta dicunt contemnere. In quibus tam multis tamque variis ab ultima antiquitate repetitis tria vix amicorum paria reperiuntur, ut ad Orestem pervenias profectus a.', 'Eastern Europe', '85'),
('50', 'Mortem, de diis inmortalibus sine ullo metu vera sentit, non dubitat, si ita res se habeat. Nam si dicent ab illis has.', 'Southeast Asia', '94'),
('51', 'Non offendit; nam et complectitur verbis, quod vult, et dicit plane, quod intellegam; et tamen in quibusdam neque pecuniae modus est neque honoris neque imperii nec libidinum nec.', 'Sub-Saharan Africa', '69'),
('52', 'Quem ad modum eae semper voluptatibus inhaererent, eadem de amicitia disputatum. Alii cum eas voluptates, quae ad quietem et ad tranquillitatem ferant, quid est cur dubitemus dicere et sapientiam propter voluptates expetendam et insipientiam propter molest', 'Pacific Islands', '97'),
('53', 'Aliquo laborat, nemo igitur est difficilius satis facere, qui se dicant in Graecis legendis operam malle consumere. Postremo aliquos futuros suspicor, qui.', 'Western Asia', '47'),
('54', 'Futuris, sed expectat illa, fruitur praesentibus ab iisque M. Brutus dissentiet -- quod.', 'Pacific Islands', '21'),
('55', 'Spatio amicitiae praesidium esse firmissimum.'' Sunt autem quidam Epicurei timidiores paulo contra vestra.', 'Sub-Saharan Africa', '62'),
('56', 'Bene vivendum aptior partitio quam illa, qua est usus Epicurus? Qui.', 'Oceania', '44'),
('57', 'Percussit filium, privavisse se etiam videtur multis voluptatibus, cum ipsi naturae patrioque amori praetulerit ius maiestatis atque imperii. Quid? T. Torquatus, is qui consul cum Cn. Octavio fuit, cum illam severitatem in eo quoque elaborare, ut sint illa', 'Central Asia', '82'),
('58', 'Ex aeterno tempore intellegi convenire. Epicurus autem, in quibus sequitur Democritum, non fere labitur. Quamquam utriusque cum multa.', 'Northern Africa', '58'),
('59', 'Loco videtur quibusdam stabilitas amicitiae vacillare, tuentur tamen eum locum seque facile, ut mihi quidem nulli satis eruditi videntur, quibus nostra ignota sunt. An.', 'North Asia', '5'),
('60', 'Plerique autem se ipsos amentur. Etenim si loca, si fana.', 'Africa', '76'),
('61', 'Voluptatem, aut cum Latinis tertio consulatu conflixisse apud Veserim propter voluptatem; cum autem usus progrediens familiaritatem effecerit, tum amorem efflorescere.', 'Northern Europe', '10'),
('62', 'Mel. Quorum nihil oportere exquisitis rationibus confirmare, tantum satis esse admonere. Interesse enim inter argumentum conclusionemque rationis et inter mediocrem animadversionem atque admonitionem. Altera occulta quaedam et.', 'Southeast Asia', '36'),
('63', 'Hoc primum est in eo, quod semel admissum coerceri.', 'Latin America', '42'),
('64', 'Ignoratione rerum, e qua ipsa horribiles existunt saepe formidines. Denique.', 'Caribbean', '7'),
('65', 'Privatione doloris putat Epicurus terminari summam voluptatem, ut postea variari voluptas distinguique possit, augeri amplificarique non possit. At etiam Athenis, ut e patre audiebam.', 'North Asia', '18'),
('66', 'Gloriae, dominationis, libidinosarum etiam voluptatum. Accedunt aegritudines, molestiae, maerores, qui exedunt animos conficiuntque curis hominum non intellegentium nihil dolendum esse animo.', 'East Asia', '86'),
('67', 'Labore deterret --, sic isti curiosi, quos offendit noster minime nobis iniucundus labor. Iis igitur est non miser. Accedit etiam mors, quae quasi saxum Tantalo semper impendet, tum superstitio, qua qui est imbutus quietus esse numquam potest. Praeterea bo', 'Europe', '72'),
('68', 'Inanes divitiarum, gloriae, dominationis, libidinosarum etiam voluptatum. Accedunt aegritudines, molestiae, maerores, qui exedunt animos conficiuntque curis hominum non intellegentium nihil dolendum esse animo, quod sit a dolore corporis praesenti futurove', 'Antarctica', '16'),
('69', 'Iudicari. Etenim quoniam detractis de homine sensibus reliqui nihil est, necesse est, quid aut ad naturam aut contra.', 'Western Europe', '54'),
('70', 'Suo, geometrica discere maluisset quam illum etiam ipsum dedocere. Sol Democrito magnus videtur, quippe homini erudito in geometriaque perfecto, huic pedalis fortasse; tantum enim.', 'Northern Europe', '66'),
('71', 'Videri fuisse in imperio, quales eius maiores fuissent, et in conspectum suum venire vetuit, numquid tibi videtur de voluptatibus suis cogitavisse? Sed ut omittam pericula, labores, dolorem.', 'Northern Europe', '8'),
('72', 'Nec ob eam causam non multo maiores esse et muniti videntur, deorum tamen horrent easque ipsas sollicitudines, quibus eorum animi noctesque diesque exeduntur, a diis inmortalibus sine ullo metu vera sentit, non dubitat, si ita melius sit, accedere? Statue ', 'Africa', '95'),
('73', 'Et ignavi, numquam in sententia permanentes, quas ob causas in eorum vita nulla est intercapedo molestiae. Igitur neque stultorum quisquam beatus neque sapientium non beatus. Multoque hoc melius.', 'Western Europe', '87'),
('74', 'Audiebam facete et urbane Stoicos irridente, statua est in Ceramico Chrysippi sedentis porrecta manu, quae manus significet illum in hae esse rogatiuncula delectatum: ''Numquidnam manus tua sic affecta, quem ad modum eae semper voluptatibus inhaererent, ead', 'Europe', '29'),
('75', 'Dominos, ut, si tolerabiles sint, feramus, si minus, animo aequo e vita, cum ea non placeat, tamquam e theatro exeamus. Quibus rebus intellegitur nec timiditatem ignaviamque vituperari nec fortitudinem patientiamque laudari suo nomine, sed illas reici.', 'Latin America', '64'),
('76', 'Sint conversa de Graecis? Nam si concederetur, etiamsi ad corpus referri, nec ob eam causam.', 'Caribbean', '65'),
('77', 'Si infantes pueri, mutae etiam bestiae paene loquuntur magistra ac duce natura nihil esse prosperum nisi voluptatem, nihil asperum nisi dolorem, de quibus et.', 'Central America', '4'),
('78', 'Sententiae; falli igitur possumus. Quam.', 'South Asia', '46'),
('79', 'Nostris aliter existimant, quos quidem video esse a nostris de amicitia dicenda sunt. Praeclare enim Epicurus his paene verbis: ''Eadem'', inquit, ''scientia confirmavit animum.', 'Eastern Europe', '49'),
('80', 'Affecti sunt in culpa, qui officia deserunt mollitia animi, id est voluptatem. Homines optimi non.', 'Asia', '27'),
('81', 'Individua propter soliditatem, censet in infinito inani, in quo etiam Democritus haeret, turbulenta concursio hunc mundi ornatum efficere non poterit. Ne illud quidem adduci vix possum, ut ea, quae sint coniuncta explicabo brevi. Nullus in ipsis error est ', 'Africa', '34'),
('82', 'Mollitia animi, id est in quo admirer, cur in gravissimis rebus non delectet eos sermo patrius, cum idem fabellas Latinas.', 'Western Asia', '60'),
('83', 'Si id non faciant, incidant in maiorem. Ex quo vitam amarissimam necesse est in Ceramico Chrysippi sedentis porrecta manu, quae manus significet illum in hae esse rogatiuncula delectatum: ''Numquidnam manus tua sic affecta, quem ad modum temeritas et libido', 'Middle East', '9'),
('84', 'Vitium, illae Epicuri propriae ruinae: censet enim eadem illa individua et solida corpora ferri deorsum suo pondere ad lineam, hunc naturalem esse omnium corporum motum. Deinde ibidem homo.', 'North America', '15'),
('85', 'Videtur, expediunt. Ut enim mortis metu omnis quietae vitae status perturbatur, et ut succumbere doloribus eosque humili animo inbecilloque ferre miserum est, ob eamque debilitatem animi multi parentes, multi amicos, non nulli patriam, plerique autem se.', 'Western Europe', '30'),
('86', 'Diligi et carum esse iucundum est propterea, quia tutiorem vitam et voluptatem pleniorem.', 'East Asia', '70'),
('87', 'Sed stare etiam oportet in eo.', 'Pacific Islands', '45'),
('88', 'Doloribus, quanti in hominem maximi cadere possunt, nulla spe proposita fore levius aliquando, nulla praeterea neque praesenti nec expectata voluptate, quid.', 'Western Asia', '74'),
('89', 'In mente consedit, hoc ipso, quod adest, turbulenta est; si vero molita quippiam est, quamvis occulte fecerit, numquam tamen id volunt fieri, difficilem quandam temperantiam postulant in eo, quod sit iudicatum. Plerique autem, quod tenere atque servare id,', 'East Asia', '6'),
('90', 'Indoctum fuisse. Fieri, inquam, Triari, nullo pacto potest, ut errem, sed ita sentio et saepe etiam videmus, et.', 'Middle East', '78'),
('91', 'Diligi et carum esse iucundum est propterea, quia tutiorem.', 'Pacific Islands', '14'),
('92', 'Alterum, quae vis sit, quae quidque efficiat, de materia disseruerunt, vim et causam efficiendi reliquerunt. Sed hoc commune.', 'Antarctica', '77'),
('93', 'Quidem facio provocatus gratissimo mihi libro, quem ad me de virtute misisti. Sed ex eo perciperet corpore voluptatem, aut cum Latinis tertio consulatu conflixisse apud Veserim propter voluptatem; quod vero securi percussit filium, privavisse se etiam vide', 'North America', '51'),
('94', 'Postulant in eo, qui ita sit affectus, et firmitatem animi nec mortem nec dolorem timentis, quod mors sensu careat, dolor in longinquitate levis, in gravitate brevis soleat esse, ut ad id omnia referri oporteat, ipsum autem nusquam. Hoc Epicurus.', 'Caribbean', '1'),
('95', 'Aliquid cognosci et percipi. Quos qui tollunt et nihil posse percipi dicunt, ii remotis sensibus ne id ipsum.', 'South Asia', '89'),
('96', 'Insolens domesticarum rerum fastidium. Non est omnino hic docendi locus; sed ita prorsus existimo, neque eum Torquatum, qui hoc primus cognomen invenerit, aut torquem illum hosti.', 'Sub-Saharan Africa', '99'),
('97', 'Esse a nostris non legantur? Quamquam, si plane sic verterem Platonem aut Aristotelem, ut verterunt nostri poetae fabulas.', 'Middle East', '53'),
('98', 'Fingi potest? Quodsi vita doloribus referta maxime fugienda est, summum profecto malum est vivere.', 'Central America', '55'),
('99', 'Sola voluptas esset, quae quasi delapsa de caelo est ad quiete vivendum, caritatem, praesertim cum omnino nulla sit causa peccandi. Quae enim cupiditates a natura proficiscuntur, facile explentur sine ulla iniuria, quae autem.', 'Asia', '12'),
('100', 'Natura proficiscuntur, facile explentur sine ulla iniuria, quae autem de bene beateque vivendo a Platone disputata sunt, haec explicari non placebit.', 'North Asia', '3');


INSERT INTO "SPECIES" ("S_ID", "Scientific_Name", "Common_Name") VALUES
('1', 'Tournefortia laurifolia Vent.', 'Laurel-leaf Soldierbush'),
('2', 'Erigeron compositus Pursh', 'Cutleaf Daisy'),
('3', 'Hieracium greenei A. Gray', 'Greene''s Hawkweed'),
('4', 'Apacheria chiricahuensis C.T. Ma', 'Apachebush'),
('5', 'Asplenium rutaceum (Willd.) Mett', 'Rue Spleenwort'),
('6', 'Tabebuia rigida Urb.', 'Roble De Sierra'),
('7', 'Alectoria ochroleuca (Hoffm.) A.', 'Witch''s Hair Lichen'),
('8', 'Rinodina subminuta H. Magn.', 'Rinodina Lichen'),
('9', 'Chamaesyce celastroides (Boiss.)', '''ekoko'),
('10', 'Micromitrium Austin', 'Micromitrium Moss'),
('11', 'Arabis koehleri Howell', 'Koehler''s Rockcress'),
('12', 'Artemisia longifolia Nutt.', 'Longleaf Wormwood'),
('13', 'Euonymus hamiltonianus Wall.', 'Hamilton''s Spindletree'),
('14', 'Polycnemum arvense L.', 'Field Needleleaf'),
('15', 'Cladidium Hafellner', 'Cladidium Lichen'),
('16', 'Ceanothus veitchianus Hook. (pr', 'Ceanothus'),
('17', 'Euphorbia cotinifolia L.', 'Mexican Shrubby Spurge'),
('18', 'Priva portoricensis Urb.', 'Puerto Rico Velvet Bur'),
('19', 'Lotus micranthus Benth.', 'Desert Deervetch'),
('20', 'Elymus svensonii Church', 'Svenson''s Wildrye'),
('21', 'Cryptantha tenuis (Eastw.) Payso', 'Canyon Cryptantha'),
('22', 'Nephrolepis copelandii W.H. Wag', 'Swordfern'),
('23', 'Miriquidica lulensis (Hellbom) H', 'Miriquidica Lichen'),
('24', 'Saxifraga adscendens L. ssp. ore', 'Small Saxifrage'),
('25', 'Monarda punctata L. ssp. punctat', 'Spotted Beebalm'),
('26', 'Kelloggia Torr. ex Benth.', 'Kelloggia'),
('27', 'Mentzelia argillicola N.H. Holmg', 'Pioche Stickleaf'),
('28', 'Arisaema tortuosum (Wall.) Schot', 'Arisaema'),
('29', 'Sida glutinosa Comm. ex Cav.', 'Sticky Fanpetals'),
('30', 'Eriogonum heermannii Durand & Hi', 'Heermann''s Buckwheat'),
('31', 'Phacelia viscida (Benth. ex Lind', 'Tacky Phacelia'),
('32', 'Phlox speciosa Pursh ssp. lignos', 'Showy Phlox'),
('33', 'Cratoneuron arcticum Steere', 'Arctic Cratoneuron Moss'),
('34', 'Collema bachmanianum (Fink) Dege', 'Bachman''s Jelly Lichen'),
('35', 'Rorippa curvipes Greene', 'Bluntleaf Yellowcress'),
('36', 'Matricaria occidentalis Greene', 'Valley Mayweed'),
('37', 'Chenopodium berlandieri Moq. var', 'Bush''s Goosefoot'),
('38', 'Pomaria melanosticta S. Schauer', 'Parry''s Holdback'),
('39', 'Phyllodoce caerulea (L.) Bab.', 'Blue Mountainheath'),
('40', 'Sphagnum pylaesii Brid.', 'Pylaes'' Sphagnum'),
('41', 'Eucalyptus macarthurii H. Deane ', 'Camden Woollybutt'),
('42', 'Dactylis glomerata L.', 'Orchardgrass'),
('43', 'Scleria laxa R. Br.', 'Nutrush'),
('44', 'Lecanora fuscescens (Sommerf.) N', 'Rim Lichen'),
('45', 'Eucalyptus haemastoma Sm.', 'Scribbly Gum'),
('46', 'Coreopsis gigantea (Kellogg) H.M', 'Giant Coreopsis'),
('47', 'Viola clauseniana Baker', 'Clausen''s Violet'),
('48', 'Xylorhiza cronquistii S.L. Welsh', 'Cronquist''s Woodyaster'),
('49', 'Crotalaria saltiana Andrews', 'African Rattlebox'),
('50', 'Parmotrema zollingeri (Hepp) Hal', 'Zollinger''s Parmotrema Lichen'),
('51', 'Astragalus flexuosus Douglas ex ', 'Greene''s Milkvetch'),
('52', 'Pilea richardii Urb.', 'Richard''s Clearweed'),
('53', 'Hypotrachyna revoluta (Flrke) H', 'Hypotrachyna Lichen'),
('54', 'Isocarpha R. Br.', 'Pearlhead'),
('55', 'Physalis heterophylla Nees var. ', 'Clammy Groundcherry'),
('56', 'Sporobolus neglectus Nash', 'Puffsheath Dropseed'),
('57', 'Ixia polystachya L.', 'White-and-yellow-flower Cornlily'),
('58', 'Rudbeckia glaucescens Eastw.', 'Waxy Coneflower'),
('59', 'Cyperus pennatiformis Kk. var. ', 'Bryan''s Flatsedge'),
('60', 'Toxicodendron radicans (L.) Kunt', 'Eastern Poison Ivy'),
('61', 'Poa laxa Haenke ssp. fernaldiana', 'Fernald''s Bluegrass'),
('62', 'Moluccella L.', 'Moluccella'),
('63', 'Syzygium jambos (L.) Alston', 'Malabar Plum'),
('64', 'Rorippa cantoniensis (Lour.) Ohw', 'Chinese Yellowcress'),
('65', 'Achillea millefolium L. var. bor', 'Boreal Yarrow'),
('66', 'Castilleja cinerea A. Gray', 'Ashgray Indian Paintbrush'),
('67', 'Galactia parvifolia A. Rich.', 'Small-leaf Milkpea'),
('68', 'Equisetum variegatum Schleich. e', 'Variegated Scouringrush'),
('69', 'Xylococcus Nutt.', 'Mission Manzanita'),
('70', 'Dryopteris wallichiana (Spreng.)', 'Alpine Woodfern'),
('71', 'Quercus tomentella Engelm.', 'Island Live Oak'),
('72', 'Anaphalis DC.', 'Pearly Everlasting'),
('73', 'Epiphyllum macropterum (Lem.) Br', 'Orchid Cactus'),
('74', 'Cypripedium acaule Aiton', 'Moccasin Flower'),
('75', 'Psychilis kraenzlinii (Bello) Sa', 'Kraenzlin''s Peacock Orchid'),
('76', 'Arctostaphylos viscida Parry ssp', 'Mariposa Manzanita'),
('77', 'Urochloa oligobrachiata (Pilg.) ', 'Weak Signalgrass'),
('78', 'Rubus concameratus H.A. Davis & ', 'West Virginia Blackberry'),
('79', 'Commelina diffusa Burm. f. var. ', 'Climbing Dayflower'),
('80', 'Tibouchina granulosa (Desr.) Cog', 'Brazilian Glorytree'),
('81', 'Gahnia vitiensis Rendle', 'Fijian Sawsedge'),
('82', 'Strigula nitidula Mont.', 'Strigula Lichen'),
('83', 'Asclepias tuberosa L. ssp. inter', 'Butterfly Milkweed'),
('84', 'Aesculus californica (Spach) Nut', 'California Buckeye'),
('85', 'Symphyotrichum patens (Aiton) G.', 'Late Purple Aster'),
('86', 'Carex hirtifolia Mack.', 'Pubescent Sedge'),
('87', 'Psidium friedrichsthalianum (O. ', 'Wild Guava'),
('88', 'Phlox albomarginata M.E. Jones s', 'Whitemargin Phlox'),
('89', 'Asplenium morganii W.H. Wagner', 'Spleenwort'),
('90', 'Endocarpon subnitescens Nyl.', 'Chalice Lichen'),
('91', 'Myrtus L.', 'Myrtus'),
('92', 'Pseudobahia bahiifolia (Benth.) ', 'Hartweg''s Golden Sunburst'),
('93', 'Carex pluriflora Hultn', 'Manyflower Sedge'),
('94', 'Eugenia L.', 'Stopper'),
('95', 'Diapensia L.', 'Diapensia'),
('96', 'Eupatorium glaucescens Elliott', 'Waxy Thoroughwort'),
('97', 'Eucalyptus crebra F. Muell.', 'Narrowleaf Red Ironbark'),
('98', 'Delonix Raf.', 'Delonix'),
('99', 'Epidendrum magnoliae Muhl.', 'Green Fly Orchid'),
('100', 'Lomatogonium A. Braun', 'Lomatogonium');


INSERT INTO "SURVEY_ANIMAL" ("P_ID", "S_ID", "TRACKING_ID") VALUES
('69', '65', '97'),
('40', '7', '1'),
('4', '18', '9'),
('62', '85', '58'),
('58', '14', '54'),
('19', '68', '84'),
('81', '47', '78'),
('34', '79', '11'),
('51', '83', '8'),
('83', '63', '74'),
('93', '60', '37'),
('45', '96', '27'),
('84', '94', '79'),
('94', '76', '83'),
('65', '38', '40'),
('73', '73', '69'),
('92', '66', '95'),
('49', '21', '72'),
('22', '42', '7'),
('72', '80', '35'),
('9', '25', '55'),
('25', '54', '6'),
('2', '26', '59'),
('41', '62', '68'),
('64', '34', '44'),
('7', '58', '80'),
('82', '81', '67'),
('6', '90', '86'),
('39', '11', '45'),
('47', '55', '29'),
('91', '100', '98'),
('33', '2', '51'),
('35', '5', '5'),
('14', '10', '4'),
('18', '37', '13'),
('100', '19', '41'),
('29', '16', '81'),
('28', '9', '49'),
('85', '3', '19'),
('70', '27', '82'),
('95', '74', '26'),
('99', '13', '23'),
('15', '92', '52'),
('37', '99', '70'),
('68', '12', '36'),
('42', '40', '14'),
('66', '30', '62'),
('21', '78', '17'),
('90', '89', '89'),
('86', '84', '91'),
('1', '72', '93'),
('67', '4', '50'),
('77', '35', '90'),
('30', '87', '39'),
('5', '51', '94'),
('8', '49', '32'),
('11', '82', '99'),
('78', '6', '10'),
('56', '53', '25'),
('17', '97', '92'),
('10', '61', '46'),
('24', '88', '18'),
('43', '91', '75'),
('44', '8', '77'),
('96', '23', '43'),
('13', '71', '15'),
('57', '98', '12'),
('76', '17', '65'),
('31', '32', '33'),
('60', '48', '85'),
('80', '93', '73'),
('63', '20', '48'),
('46', '95', '38'),
('98', '52', '16'),
('53', '45', '47'),
('71', '36', '87'),
('38', '39', '88'),
('59', '56', '53'),
('61', '24', '56'),
('55', '77', '22'),
('16', '64', '96'),
('89', '43', '63'),
('52', '46', '2'),
('87', '28', '42'),
('88', '44', '30'),
('48', '22', '64'),
('32', '33', '60'),
('26', '31', '61'),
('23', '15', '31'),
('27', '50', '3'),
('50', '86', '34'),
('74', '70', '57'),
('54', '29', '76'),
('12', '59', '71'),
('36', '1', '28'),
('75', '41', '21'),
('20', '69', '100'),
('97', '67', '20'),
('79', '75', '24'),
('3', '57', '66');


SET FOREIGN_KEY_CHECKS = 1;
